filename,label
chunky 27 23.jpg,6
chunky 27 30.jpg,6
chunky 27 37.jpg,7
chunky 27 46.jpg,8
chunky 27 53.jpg,8
chunky 27 58.jpg,3
chunky 28 04.jpg,8
chunky 28 17.jpg,7
chunky 28 23.jpg,11
chunky 28 28.jpg,8
chunky 28 34.jpg,5
chunky 28 40.jpg,12
chunky 28 47.jpg,11
chunky 28 53.jpg,5
chunky 29 14.jpg,10
chunky 29 22.jpg,8
chunky 29 27.jpg,8
chunky 29 33.jpg,15
chunky 29 39.jpg,11
chunky 29 45.jpg,6
chunky 29 51.jpg,10
legacy 1.jpg,6
legacy 2.jpg,6
legacy 3.jpg,3
legacy 4.jpg,6
legacy 5.jpg,6
legacy 6.jpg,6
legacy 7.jpg,5
legacy 8.jpg,6
regular 29 05.jpg,11
regular 29 15.jpg,11
regular 29 24.jpg,10
regular 29 31.jpg,11
regular 29 42.jpg,9
regular 29 47.jpg,9
regular 29 54.jpg,8
regular 30 00.jpg,10
regular 30 17.jpg,11
regular 30 23.jpg,8
regular 30 29.jpg,15
regular 30 34.jpg,13
regular 30 41.jpg,8
regular 30 47.jpg,10
regular 30 53.jpg,10
regular 30 58.jpg,12
regular 31 08.jpg,12
regular 31 14.jpg,11
regular 31 19.jpg,11
regular 31 25.jpg,13
regular 31 30.jpg,13
regular 31 36.jpg,12
regular 31 42.jpg,10
regular 31 47.jpg,14
regular 31 52.jpg,14
regular 31 57.jpg,9
regular 32 04.jpg,13
regular 32 09.jpg,8
regular 32 14.jpg,11
regular 32 19.jpg,13
regular 32 26.jpg,11
regular 32 32.jpg,5
regular 32 38.jpg,8